created_at,text
2025-03-14 14:39:19+00:00,New Song Trending Topic https://t.co/FfttUuOizZ via @YouTube #TrendingTopic
2025-03-14 09:42:39+00:00,🚨 Just in: The latest viral controversy has everyone talking. What’s your opinion? 🤔⚡ #TrendingTopic #Debate @BastetSusy @jay_untouchable @GravelEmil54086 https://t.co/vfVFJGMjdL
2025-03-14 08:10:00+00:00,👀 Don’t blink! The full video is waiting for you on Telegram! 🔥 #TrendingTopic #SeeItFirst 🔗 Link in bio https://t.co/CvFcXKanLo
2025-03-14 05:54:57+00:00,Custom Artistic Design T-Shirt &amp; Tank with Photo Order yours at https://t.co/MmiyD3qF6c #customshirt #customtanktop #newspaperart #customdesignshirt #artshirt #trendingtopic #shirtmania #tanktopmania #customdesignshirts  #FrameYourVibe #yourstyle #newspaperstyle #WearableArt https://t.co/T50RyrQtMQ
2025-03-14 04:35:04+00:00,"Fear the One who holds eternity, not the algorithms that track your every click. Your soul is worth more than your data. Repent and seek the Kingdom. #TrendingTopic #FearGod #EternalLife"
2025-03-14 03:16:31+00:00,"EasilyMoney is the #1 marketing network. With over $14 million paid to 300k members, EasilyMoney lets regular users make money with social media and friends!

#trendingtopic #viral #lokeronline #earnmoney
 https://t.co/odbrVgfvqy"
2025-03-14 01:02:10+00:00,You should come peak at my OF if you like this https://t.co/y5oEycjF2s  😮‍💨💋🫠 #Chudai #OF #sc #atlgirly #ATL #baddie #sexy #wataa #followformore #trendingtopic #babycakes https://t.co/vjghuXU1Bd
2025-03-14 01:01:54+00:00,You should come peak at my OF if you like this 😮‍💨💋🫠 #Chudai #OF #sc #atlgirly #ATL #baddie #sexy #wataa #followformore #trendingtopic #babycakes https://t.co/KXER1pi9P4
2025-03-13 12:00:24+00:00,You Won’t Believe What’s in Lavanya Manickam’s &amp; Lucky Rajor Uncut Video! #LavanyaManickam #UncutVideo #ExclusiveLeak #WatchNow #TrendingNow #ViralClip #InternetBuzz #MustWatch #BreakingNews #DontMissOut #ViralVideo #TrendingTopic #ShockingReveal #MustSeeVideo #LeakedVideo https://t.co/pDYjpEg0hf
2025-03-13 10:32:16+00:00,"When things hit him heard will he still be romantic or toxic?
WATCH HERE 👇👇
https://t.co/X9NqPw2vj3

#toxic #mentalhealth #men #Romantic #whether #gistlover #gistloverblog #thursday #thursdayvibes #trendingtopic"
2025-03-13 09:03:44+00:00,"EasilyMoney is the #1 marketing network. With over $14 million paid to 300k members, EasilyMoney lets regular users make money with social media and friends!

#trendingtopic #viral
#lokeronline #aplikasipenghasiluang #earnmoney
 https://t.co/odbrVgeXB0"
2025-03-13 08:18:20+00:00,"Have you ever tried Ice Dipping?🤔 Let us know in the comments below. 

Watch till the end to find out top benefits of Ice Dipping and why you should go for it if you haven’t yet☺️! 

#trending #trendingnow #trendingaudio #trendingreels #trendingvideos #trendingtopic https://t.co/3V0clV6hQj"
2025-03-13 08:10:44+00:00,"An ode to presence…

#trendingnow #viralcontent #onpoint #intheknow #latestbuzz #stayupdated #breakingnews #hotrightnow #socialtrends #popculture #mustsee #exploremore #instatrending #buzzing #trendingtopic #whatsnew #currentvibes #nextbigthing #hotgossip #talkofthetown https://t.co/mjBMtgoQc8"
2025-03-13 00:07:43+00:00,🚨 Just in: The latest viral controversy has everyone talking. What’s your opinion? 🤔⚡ #TrendingTopic #Debate @sowildtv https://t.co/1CxkE9mlvd
2025-03-13 00:02:32+00:00,"EasilyMoney is the #1 marketing network. With over $14 million paid to 300k members, EasilyMoney lets regular users make money with social media and friends!

#trendingtopic #viral #lokeronline #RemoteWork
 https://t.co/odbrVgfvqy"
2025-03-12 22:32:49+00:00,https://t.co/EGqUArTXBA #Streaming #trendingtopic #SelfLoveMatters @asktatia Self-love Advocate #International #Podcast @forpodcasters
2025-03-12 16:52:02+00:00,"Some more Pokemon Journey together and One piece Preorder were added this morning!! Links will be in the comment section
#pokémontcg  #onepiece #onepiececardgame  #pokemoncommuntiy  #instadaily #trendingnow #trendingtopic #tiktoktrending  #instagram #pokemontcg #pokemon https://t.co/YgFQiRC3T0"
2025-03-12 15:06:13+00:00,🚨 Just in: The latest viral controversy has everyone talking. What’s your opinion? 🤔⚡ #TrendingTopic #Debate @sowildtv https://t.co/DgK6N6wGCH
2025-03-12 08:03:37+00:00,"EasilyMoney is the #1 marketing network. With over $14 million paid to 300k members, EasilyMoney lets regular users make money with social media and friends!
#TrendingNow #trending
#trendingvideo #viral #lokeronline #trendingtopic

https://t.co/odbrVgfvqy"
2025-03-12 05:04:40+00:00,🚨 Just in: The latest viral controversy has everyone talking. What’s your opinion? 🤔⚡ #TrendingTopic #Debate @sowildtv https://t.co/i9d3pBBh1S
2025-03-11 07:45:59+00:00,"Attention⚠️

#trendingtopic #perfumery #TrendingNow #stockmarketcrash #perfumes https://t.co/DY4S5Puw8Z"
2025-03-11 05:09:25+00:00,"Today's reminder: Joy is everywhere—you just have to look up! 😊✨

https://t.co/67rhhuHlD7

#bestoftheday #enjoylife #funmoments #goodday #truehappiness #funnyclip #funnyreels #memesdaily😂 #SkyArt #PureJoy #TrendPulse #trendingreels  #menbeingmen #viraltwitter  #trendingtopic https://t.co/dKLGdJa8AE"
2025-03-10 23:08:35+00:00,"They couldn't clap for a kid with cancer?!
#CultureClash #PoliticalDivide #SocialIssues #Empathy #Humanity #Compassion #PoliticalCommentary #ViralVideo #TrendingTopic #Controversial https://t.co/wkZzXluZSq"
2025-03-10 10:22:22+00:00,"Country Boy Love Song 🤠
Artist @serious_lord 
Label @crunkinc 
Distributor @daddistro 
Top pick @litgodtv👇🏾
https://t.co/j6lYjIPTiZ

#trending #trendingreels #trendingoninstagram #trendingreels #trendingnow #trendingsongs #trendingtopic #trendingsong #trendingmemes https://t.co/coxFYqTR5m"
2025-03-10 04:58:46+00:00,"Business Tip by Rajan Chaudhary
#business #Businessman #businessman #businesstips #businessowner #businesswoman #businesscoach #businessgrowth #businesssuccess #Vypar #rajanchaudhary #businessidea #businessideasinhindi #bharat #india #TrendingBusiness #trendingnow #trendingtopic https://t.co/L2nnZiJCI6"
2025-03-09 15:29:32+00:00,"More sunlight, more problems? 🕶️ Daylight Savings Time is under fire! Find out why and how it affects YOU 👉 https://t.co/RmgDACzIbh
#DaylightSavings #TrendingTopic
#DaylightSavingTime https://t.co/0sfELQKp5V"
2025-03-09 09:26:02+00:00,"#TrendingTopic
Are you more of a morning person or a night owl?"
2025-03-09 00:52:44+00:00,"@Grok no fit use 1yr for  Nigeria before they Kpai am, over use they worry us 😂

#AskMeAnything #TrendingTopic #ChallengeAccepted #NigeriaUnites #BreakTheInternet"
2025-03-08 21:13:10+00:00,Timin 💎 Droppin in 6 Days and so is Cupcake Kitty 🧁 #Timin #CupcakeKitty #blarrebianchi #ILoveMeARichNigga #GoHard #Pocahontas #trending #islandgirldreampartner #balenciaga #designer #trendingaudio #trendingsongs #trendingtopic #pretty #viral #edges #viralvideos #edgecontrol… https://t.co/Kur9WM9dK8 https://t.co/0AkYkhg0bw
2025-03-08 19:24:38+00:00,"Check out full specifiations of amazng foldable Huawei phone:
https://t.co/TQ4QtG3SXY

#LavaMobiles #Trending #trendingtopic #Newwiee  #Phoneix #HuaweiNews #Huawei @HuaweiMobile https://t.co/ynHvJUWYvO"
2025-03-08 11:57:02+00:00,"What do you bring to the table?"" Hear her response to the clergywoman. 

Is it right, though, to ask a woman this question?

 #WomenEmpowerment #RespectForWomen #EqualityMatters #AskMeAnything #WomenInMinistry #RespectfulQuestions #ViralNow #TrendingTopic #GirlPower https://t.co/sUnGs7jm5d"
2025-03-08 10:12:23+00:00,"#TrendingTopic
What do you enjoy the most about March Madness?"
2025-03-08 08:22:36+00:00,"Zaki Choudhary || Finish The Game || Youngest Football Player From Mumbai India 🇮🇳 
#ZakiChoudhary
.

.
#football #indianfootball ##mumbaicityfc #FootballMumbai #India_Youngest_Footballer
#trendingvideo #trending #trendingnow #trendingpost #viral #trendingtopic #trendingvideos https://t.co/bPT9ai3e96"
2025-03-08 07:14:17+00:00,"This Women’s Day, gift yourself the sparkle you deserve. 💎❤️

Happy Women’s Day from Team myJewlex!

#WomensDay #WomenEmpowerment #womensdayspecial #myjewlex #discoverthebeuaty #giftideas #jewellerygiftforwomen #trendingtopic #happywomensday2025 https://t.co/bkOLLAfZGS"
2025-03-08 06:43:21+00:00,"What are your thoughts on these trending topics? Let's discuss below! 👇

Follow us on @worldviews_en for daily trending debates. #trendingtopic"
2025-03-08 06:19:43+00:00,"Play &amp; Enjoy Hasina Runner Game 2025! 
Download now: https://t.co/Xp2dzt7Afw

#trending #hasina #game #runnergame #zelena #trendingtopic #zelena #Bangladesh #downloadnow #apk #LaCasaDeLosFamososCol #النصر_الشباب #제이홉"
2025-03-07 22:28:05+00:00,"Effortless, yet unforgettable. 💖✨
Link in bio for more content. 😏

#blondebeauty #blondemodel #fashionqueen #casualglam #hotview #trendingtopic #viralcontent #exploremore #socialmediaicon https://t.co/xCudwJKFSp"
